Taxon,Phylum,Class,Order,Family,Genus,Other_Taxa,Tribe,FFG,FAM_TV,Habit,FinalTolVal07,Comment
COSMOPTERYGIDAE,Arthropoda,Insecta,Lepidoptera,Cosmopterygidae,,,,Shredder,6,,6,
CRAMBIDAE,Arthropoda,Insecta,Lepidoptera,Crambidae,na,Pyraloidea,na,Shredder,,cb,,Added 7 Oct 2008 MTK
CRAMBUS,Arthropoda,Insecta,Lepidoptera,Pyralidae,Crambus,,,,5,,5,
CRANGONYCTIDAE,Arthropoda,Malacostraca,Amphipoda,Crangonyctidae,,,,Collector,4,sp,6.5,
CRANGONYX,Arthropoda,Malacostraca,Amphipoda,Crangonyctidae,Crangonyx,Crustacea,,Collector,4,sp,6.7,
CRICOTOPUS,Arthropoda,Insecta,Diptera,Chironomidae,Cricotopus,Orthocladiinae,,Shredder,7,"cn, bu",9.6,
CRICOTOPUS/ORTHOCLADIUS,Arthropoda,Insecta,Diptera,Chironomidae,Cricotopus/Orthocladius,Orthocladiinae,,Shredder,7,,7.7,
CRYPTOCHIRONOMUS,Arthropoda,Insecta,Diptera,Chironomidae,Cryptochironomus,Chironominae,Chironomini,Predator,7,"sp, bu",7.6,
CRYPTOLABIS,Arthropoda,Insecta,Diptera,Tipulidae,Cryptolabis,,,,4,bu,4.8,
CRYPTOTENDIPES,Arthropoda,Insecta,Diptera,Chironomidae,Cryptotendipes,Chironominae,Chironomini,Collector,7,sp,6.6,
CULEX,Arthropoda,Insecta,Diptera,Culicidae,Culex,Culicini,Culicini,Collector,8,sw,8,
CULICIDAE,Arthropoda,Insecta,Diptera,Culicidae,,,,,8,,8,
CULICOIDES,Arthropoda,Insecta,Diptera,Ceratopogonidae,Culicoides,,,Predator,6,bu,5.9,
CULTUS,Arthropoda,Insecta,Plecoptera,Perlodidae,Cultus,Diploperlini,Diploperlini,Predator,2,cn,2.2,
CURA,Platyhelminthes,Turbellaria,Tricladida,Dugesiidae,Cura,,,,6,sp,6.5,
CURCULIONIDAE,Arthropoda,Insecta,Coleoptera,Curculionidae,,,,Shredder,,cn,,
CYBISTER,Arthropoda,Insecta,Coleoptera,Dytiscidae,Cybister,,,Predator,5,"sw, dv",5.4,
CYMBIODYTA,Arthropoda,Insecta,Coleoptera,Hydrophilidae,Cymbiodyta,,,Collector,5,bu,4.1,
CYPHON,Arthropoda,Insecta,Coleoptera,Scirtidae,Cyphon,,,Scraper,7,cb,7,
DANNELLA,Arthropoda,Insecta,Ephemeroptera,Ephemerellidae,Dannella,na,na,Collector,2,"cn, sp",2,Added 7 Oct 2008 MTK
DAPHNIA,Arthropoda,Malacostraca,Cladocera,Daphniidae,Daphnia,,,,,,,
DAPHNIIDAE,Arthropoda,Malacostraca,Cladocera,Daphniidae,,,,,,,,
DASYHELEA,Arthropoda,Insecta,Diptera,Ceratopogonidae,Dasyhelea,,,Collector,6,sp,3.6,
DEMICRYPTOCHIRONOMUS,Arthropoda,Insecta,Diptera,Chironomidae,Demicryptochironomus,Chironominae,Chironomini,Collector,,bu,2,
DERONECTES,Arthropoda,Insecta,Coleoptera,Dytiscidae,Deronectes,,,Predator,5,sw,5.4,
DEROVATELLUS,Arthropoda,Insecta,Coleoptera,Dytiscidae,Derovatellus,,,Predator,5,"sw, dv",5.4,
DIAMESA,Arthropoda,Insecta,Diptera,Chironomidae,Diamesa,Diamesinae,Diamesini,Collector,7,sp,8.5,
DIAMESINAE,Arthropoda,Insecta,Diptera,Chironomidae,,Diamesinae,Diamesini,Collector,7,,7.1,
DICRANOTA,Arthropoda,Insecta,Diptera,Tipulidae,Dicranota,,,Predator,4,"sp, bu",1.1,
DICROTENDIPES,Arthropoda,Insecta,Diptera,Chironomidae,Dicrotendipes,Chironominae,Chironomini,Collector,7,bu,9,
DINEUTUS,Arthropoda,Insecta,Coleoptera,Gyrinidae,Dineutus,,,Predator,4,"sw, dv",4,
DIPHETOR,Arthropoda,Insecta,Ephemeroptera,Baetidae,Diphetor,,,Collector,5,"sw, cn",2.3,
DIPLECTRONA,Arthropoda,Insecta,Trichoptera,Hydropsychidae,Diplectrona,,,Filterer,5,cn,2.7,
DIPLOCLADIUS,Arthropoda,Insecta,Diptera,Chironomidae,Diplocladius,Orthocladiinae,,Collector,7,sp,5.9,
DIPLOPERLA,Arthropoda,Insecta,Plecoptera,Perlodidae,Diploperla,Diploperlini,Diploperlini,Predator,2,cn,2.2,
DIPSEUDOPSIDAE,Arthropoda,Insecta,Trichoptera,Dipseudopsidae,,,,,5,,5,
DIPTERA,Arthropoda,Insecta,Diptera,,,,,,,,6,
DIXA,Arthropoda,Insecta,Diptera,Dixidae,Dixa,,,Predator,4,"sw, cb",5.8,
DIXELLA,Arthropoda,Insecta,Diptera,Dixidae,Dixella,,,Collector,4,,5.8,
DIXIDAE,Arthropoda,Insecta,Diptera,Dixidae,,,,,4,,5.8,
DOLICHOPODIDAE,Arthropoda,Insecta,Diptera,Dolichopodidae,,,,Predator,4,"sp, bu",7.5,
DOLOPHILODES,Arthropoda,Insecta,Trichoptera,Philopotamidae,Dolophilodes,,,Filterer,3,cn,1.7,
DROMOGOMPHUS,Arthropoda,Insecta,Odonata,Gomphidae,Dromogomphus,,,Predator,5,bu,2.2,
DRUNELLA,Arthropoda,Insecta,Ephemeroptera,Ephemerellidae,Drunella,,,Scraper,2,"cn, sp",1.9,
DRYOPIDAE,Arthropoda,Insecta,Coleoptera,Dryopidae,,,,,5,,5,
DUBIRAPHIA,Arthropoda,Insecta,Coleoptera,Elmidae,Dubiraphia,,,Scraper,5,"cn, cb",5.7,
DUGESIIDAE,Platyhelminthes,Turbellaria,Tricladida,Dugesiidae,,,,,,,,Added 6 Nov 07 DB; no ecological data
DYTISCIDAE,Arthropoda,Insecta,Coleoptera,Dytiscidae,,,,Predator,5,"sw, dv",5.4,
DYTISCUS,Arthropoda,Insecta,Coleoptera,Dytiscidae,Dytiscus,,,Predator,5,"sw, dv",5,
ECCOPTURA,Arthropoda,Insecta,Plecoptera,Perlidae,Eccoptura,Acroneuriini,Acroneuriini,Predator,2,cn,0.6,
ECTOPRIA,Arthropoda,Insecta,Coleoptera,Psephenidae,Ectopria,,,Scraper,4,cn,2.2,
EINFELDIA,Arthropoda,Insecta,Diptera,Chironomidae,Einfeldia,Chironominae,Chironomini,Collector,7,,6.6,
ELMIDAE,Arthropoda,Insecta,Coleoptera,Elmidae,,,,Collector,5,cn,4.8,
EMPIDIDAE,Arthropoda,Insecta,Diptera,Empididae,,,,Predator,6,"sp, bu",7.5,
ENALLAGMA,Arthropoda,Insecta,Odonata,Coenagrionidae,Enallagma,,,Predator,8,cb,9,
ENCHYTRAEIDAE,Annelida,Oligochaeta,Haplotaxida,Enchytraeidae,,,,Collector,10,bu,9.1,
ENDOCHIRONOMUS,Arthropoda,Insecta,Diptera,Chironomidae,Endochironomus,Chironominae,Chironomini,Shredder,7,cn,6.2,
ENOCHRUS,Arthropoda,Insecta,Coleoptera,Hydrophilidae,Enochrus,,,Collector,5,"bu, sp",4.1,
EPEORUS,Arthropoda,Insecta,Ephemeroptera,Heptageniidae,Epeorus,,,Scraper,3,cn,1.7,
EPHEMERA,Arthropoda,Insecta,Ephemeroptera,Ephemeridae,Ephemera,,,Collector,4,bu,3,
EPHEMERELLA,Arthropoda,Insecta,Ephemeroptera,Ephemerellidae,Ephemerella,,,Collector,2,"cn, sw",2.3,
EPHEMERELLIDAE,Arthropoda,Insecta,Ephemeroptera,Ephemerellidae,,,,,2,"cn, sp, sw",2.6,
EPHEMERIDAE,Arthropoda,Insecta,Ephemeroptera,Ephemeridae,,,,,4,,,
EPHEMEROPTERA,Arthropoda,Insecta,Ephemeroptera,,,,,Collector,,,2.9,
EPHYDRIDAE,Arthropoda,Insecta,Diptera,Ephydridae,,,,Collector,7,"bu, sp",,
EPIAESCHNA,Arthropoda,Insecta,Odonata,Aeshnidae,Epiaeschna,na,na,Predator,3,"cb, cn",3,Added 7 Oct 2008 MTK
EPITHECA,Arthropoda,Insecta,Odonata,Corduliidae,Epitheca,,,Predator,,,4,
EPOICOCLADIUS,Arthropoda,Insecta,Diptera,Chironomidae,Epoicocladius,Orthocladiinae,na,Collector,7,bu,7,Added 7 Oct 2008 MTK
ERIOPTERA,Arthropoda,Insecta,Diptera,Tipulidae,Erioptera,,,Collector,4,bu,4.8,
ERPETOGOMPHUS,Arthropoda,Insecta,Odonata,Gomphidae,Erpetogomphus,,,Predator,5,bu,2.2,
ERPOBDELLIDAE,Annelida,Hirudinea,Arhynchobdellida,Erpobdellidae,,,,Predator,10,sp,10,
ERYTHEMIS,Arthropoda,Insecta,Odonata,Libellulidae,Erythemis,,,Predator,9,sp,7,
EUKIEFFERIELLA,Arthropoda,Insecta,Diptera,Chironomidae,Eukiefferiella,Orthocladiinae,,Collector,7,sp,6.1,
EURYLOPHELLA,Arthropoda,Insecta,Ephemeroptera,Ephemerellidae,Eurylophella,,,Scraper,2,"cn, sp",4.5,
FALLCEON,Arthropoda,Insecta,Ephemeroptera,Baetidae,Fallceon,,,,5,,2.3,
FERRISSIA,Mollusca,Gastropoda,Basommatophora,Ancylidae,Ferrissia,Mollusca,,Scraper,7,cb,7,
FOSSARIA,Mollusca,Gastropoda,Basommatophora,Lymnaeidae,Fossaria,,,Scraper,6,cb,6.9,
GAMMARIDAE,Arthropoda,Malacostraca,Amphipoda,Gammaridae,,,,,6,,6,
GAMMARUS,Arthropoda,Malacostraca,Amphipoda,Gammaridae,Gammarus,Crustacea,,Shredder,6,sp,6.7,
GASTROPODA,Mollusca,Gastropoda,,,,,,,,,,
GEORTHOCLADIUS,Arthropoda,Insecta,Diptera,Chironomidae,Georthocladius,Orthocladiinae,,,7,sp,,
GERRIDAE,Arthropoda,Insecta,Hemiptera,Gerridae,,,,,5,,,
GERRIS,Arthropoda,Insecta,Hemiptera,Gerridae,Gerris,,,Predator,5,SK,6,
GIRARDIA,Platyhelminthes,Turbellaria,Tricladida,Dugesiidae,Girardia,,,Predator,6,sp,9.3,Change to Girardia from Dugesia per EF's memo in 2007
GLOSSIPHONIIDAE,Annelida,Hirudinea,Rhynchobdellida,Glossiphoniidae,,,,Predator,8,sp,6,
ABLABESMYIA,Arthropoda,Insecta,Diptera,Chironomidae,Ablabesmyia,Tanypodinae,Pentaneurini,Predator,7,sp,8.1,
ACENTRELLA,Arthropoda,Insecta,Ephemeroptera,Baetidae,Acentrella,,,Collector,5,"sw, cn",4.9,
ACERPENNA,Arthropoda,Insecta,Ephemeroptera,Baetidae,Acerpenna,,,Collector,5,"sw, cn",2.6,
ACILIUS,Arthropoda,Insecta,Coleoptera,Dytiscidae,Acilius,,,,5,,5.4,
ACRONEURIA,Arthropoda,Insecta,Plecoptera,Perlidae,Acroneuria,Acroneuriini,Acroneuriini,Predator,2,cn,2.5,
AEDES,Arthropoda,Insecta,Diptera,Culicidae,Aedes,Culicini,Culicini,Filterer,8,sw,8,
AESHNA,Arthropoda,Insecta,Odonata,Aeshnidae,Aeshna,,,Predator,,cb,5,
AESHNIDAE,Arthropoda,Insecta,Odonata,Aeshnidae,,,,Predator,3,cb,6.2,
AGABETES,Arthropoda,Insecta,Coleoptera,Dytiscidae,Agabetes,,,Predator,5,,5.4,
AGABUS,Arthropoda,Insecta,Coleoptera,Dytiscidae,Agabus,,,Predator,5,"sw, dv",5.4,
AGAPETUS,Arthropoda,Insecta,Trichoptera,Glossosomatidae,Agapetus,,,Scraper,1,cn,2,
AGARODES,Arthropoda,Insecta,Trichoptera,Sericostomatidae,Agarodes,,,Shredder,3,sp,3,
ALBOGLOSSIPHONIA,Annelida,Hirudinea,Rhynchobdellida,Glossiphoniidae,Alboglossiphonia,,,Predator,8,,6,
ALLOCAPNIA,Arthropoda,Insecta,Plecoptera,Capniidae,Allocapnia,,,Shredder,2,cn,4.2,
ALLOPERLA,Arthropoda,Insecta,Plecoptera,Chloroperlidae,Alloperla,,,Predator,1,cn,1.6,
ALLUAUDOMYIA,Arthropoda,Insecta,Diptera,Ceratopogonidae,Alluaudomyia,,,Predator,6,bu,3.6,
ALOTANYPUS,Arthropoda,Insecta,Diptera,Chironomidae,Alotanypus,Tanypodinae,Coelotanypodini,,7,,6.6,
AMELETIDAE,Arthropoda,Insecta,Ephemeroptera,Ameletidae,,,,,0,,2.6,
AMELETUS,Arthropoda,Insecta,Ephemeroptera,Ameletidae,Ameletus,,,Collector,0,"sw, cb",2.6,
AMNICOLA,Mollusca,Gastropoda,Neotaenioglossa,Hydrobiidae,Amnicola,,,Scraper,8,cb,8,
AMPHINEMURA,Arthropoda,Insecta,Plecoptera,Nemouridae,Amphinemura,,,Shredder,2,"sp, cn",3,
AMPHIPODA,Arthropoda,Malacostraca,Amphipoda,,,Crustacea,,,,sp,6,
ANAX,Arthropoda,Insecta,Odonata,Aeshnidae,Anax,,,Predator,3,,5,
ANCHYTARSUS,Arthropoda,Insecta,Coleoptera,Ptilodactylidae,Anchytarsus,,,Shredder,4,cn,3.1,
ANCYLIDAE,Mollusca,Gastropoda,Basommatophora,Ancylidae,,Mollusca,,Scraper,7,cb,7,
ANCYRONYX,Arthropoda,Insecta,Coleoptera,Elmidae,Ancyronyx,,,Scraper,5,"cn, sp",7.8,
ANISOCENTROPUS,Arthropoda,Insecta,Trichoptera,Calamoceratidae,Anisocentropus,,,Shredder,,sp,,
ANOPHELES,Arthropoda,Insecta,Diptera,Culicidae,ANOPHELES,,,Collector,8,sw,,
ANTHOPOTAMUS,Arthropoda,Insecta,Ephemeroptera,Potamanthidae,Anthopotamus,,,,4,,3,
ANTOCHA,Arthropoda,Insecta,Diptera,Tipulidae,Antocha,,,Collector,4,cn,8,
APSECTROTANYPUS,Arthropoda,Insecta,Diptera,Chironomidae,Apsectrotanypus,Tanypodinae,Macropelopiini,Predator,7,"bu, sp",6.6,
AQUARIUS,Arthropoda,Insecta,Hemiptera,Gerridae,Aquarius,,,,,,,
ARGIA,Arthropoda,Insecta,Odonata,Coenagrionidae,Argia,,,Predator,8,"cn, cb, sp",9.3,
ARIGOMPHUS,Arthropoda,Insecta,Odonata,Gomphidae,Arigomphus,,,Predator,5,bu,2.2,
ASELLIDAE,Arthropoda,Malacostraca,Isopoda,Asellidae,,,,,8,,3.3,
ATHERICIDAE,Arthropoda,Insecta,Diptera,Athericidae,,,,,2,"sp, bu",2,
ATHERIX,Arthropoda,Insecta,Diptera,Athericidae,Atherix,,,Predator,2,"sp, bu",2,
ATRICHOPOGON,Arthropoda,Insecta,Diptera,Ceratopogonidae,Atrichopogon,,,Predator,6,,3.6,
ATTENELLA,Arthropoda,Insecta,Ephemeroptera,Ephemerellidae,Attenella,,,Collector,2,,2.6,
BAETIDAE,Arthropoda,Insecta,Ephemeroptera,Baetidae,,,,Collector,5,"sw, cn",2.3,
BAETIS,Arthropoda,Insecta,Ephemeroptera,Baetidae,Baetis,,,Collector,5,"sw, cb, cn",3.9,
BAETISCA,Arthropoda,Insecta,Ephemeroptera,Baetiscidae,Baetisca,,,Collector,4,sp,4,
BAETISCIDAE,Arthropoda,Insecta,Ephemeroptera,Baetiscidae,,,,,4,sp,4,
BARBAETIS,Arthropoda,Insecta,Ephemeroptera,Baetidae,Barbaetis,,,Collector,5,,2.3,
BASIAESCHNA,Arthropoda,Insecta,Odonata,Aeshnidae,Basiaeschna,,,Predator,3,"cb, sp, cn",6.2,
BATRACOBDELLA,Annelida,Hirudinea,Rhynchobdellida,Glossiphoniidae,Batracobdella,,,Predator,8,,6,
BELOSTOMA,Arthropoda,Insecta,Hemiptera,Belostomatidae,Belostoma,,,Predator,10,"cb, sw",10,
BELOSTOMATIDAE,Arthropoda,Insecta,Hemiptera,Belostomatidae,,,,,10,,10,
BEROSUS,Arthropoda,Insecta,Coleoptera,Hydrophilidae,Berosus,,,Collector,5,"sw, dv, cb",4.1,
BEZZIA,Arthropoda,Insecta,Diptera,Ceratopogonidae,Bezzia,,,Predator,6,bu,3.3,
BEZZIA/PALPOMYIA,Arthropoda,Insecta,Diptera,Ceratopogonidae,Bezzia,,,Predator,6,bu,3.3,Added 7/24/18
BITHYNIA,Mollusca,Gastropoda,Neotaenioglossa,Bithyniidae,Bithynia,,,Scraper,8,cb,9,
BITHYNIIDAE,Mollusca,Gastropoda,Mesogastropoda,Bithyniidae,,,,,8,,,
BITTACOMORPHA,Arthropoda,Insecta,Diptera,Ptychopteridae,Bittacomorpha,,,Collector,8,bu,4,
BIVALVIA,Mollusca,Bivalvia,,,,,,,,,,
BLEPHARICERA,Arthropoda,Insecta,Diptera,Blephariceridae,Blepharicera,,,Scraper,0,cn,4,
BLEPHARICERIDAE,Arthropoda,Insecta,Diptera,Blephariceridae,,,,,0,,0,
BOYERIA,Arthropoda,Insecta,Odonata,Aeshnidae,Boyeria,,,Predator,3,"cb, sp",6.3,
BRACHYCENTRIDAE,Arthropoda,Insecta,Trichoptera,Brachycentridae,,,,Filterer,1,,2.3,
BRACHYCENTRUS,Arthropoda,Insecta,Trichoptera,Brachycentridae,Brachycentrus,,,Filterer,1,cn,2.3,
BRACONIDAE,Arthropoda,Insecta,Hymenoptera,Braconidae,,,,,,,,
BRANCHIOBDELLIDA,Annelida,Oligochaeta,Branchiobdellida,,,,,,,,,
BRANCHIURA,Annelida,Oligochaeta,Tubificida,Tubificidae,Branchiura,,,,,,8,
BRILLIA,Arthropoda,Insecta,Diptera,Chironomidae,Brillia,Orthocladiinae,,Shredder,7,"bu, sp",7.4,
BRUNDINIELLA,Arthropoda,Insecta,Diptera,Chironomidae,Brundiniella,Tanypodinae,Macropelopiini,Predator,7,"bu, sp",6.6,
BUENO,Arthropoda,Insecta,Hemiptera,Notonectidae,Bueno,,,,10,,5.6,
CAECIDOTEA,Arthropoda,Malacostraca,Isopoda,Asellidae,Caecidotea,Crustacea,,Collector,8,sp,2.6,
CAENIDAE,Arthropoda,Insecta,Ephemeroptera,Caenidae,,,,,7,,7,
CAENIS,Arthropoda,Insecta,Ephemeroptera,Caenidae,Caenis,,,Collector,7,sp,2.1,
CALAMOCERATIDAE,Arthropoda,Insecta,Trichoptera,Calamoceratidae,,,,,3,,3,
CALLIBAETIS,Arthropoda,Insecta,Ephemeroptera,Baetidae,Callibaetis,,,Collector,5,"sw, cn",2.3,
CALOPTERYGIDAE,Arthropoda,Insecta,Odonata,Calopterygidae,,,,Predator,5,,6,
CALOPTERYX,Arthropoda,Insecta,Odonata,Calopterygidae,Calopteryx,,,Predator,5,cb,8.3,
CAMBARIDAE,Arthropoda,Malacostraca,Decapoda,Cambaridae,,Crustacea,,Shredder,6,sp,2.8,
CAMBARUS,Arthropoda,Malacostraca,Decapoda,Cambaridae,Cambarus,Crustacea,,Collector,6,sp,0.4,
CAMPELOMA,Mollusca,Gastropoda,Architaenioglossa,Viviparidae,Campeloma,Mollusca,,Scraper,6,cb,6,
CANTOPELOPIA,Arthropoda,Insecta,Diptera,Chironomidae,Cantopelopia,Tanypodinae,,,,,,Added 6 Nov 06 by DB; no ecological data available
CAPNIA,Arthropoda,Insecta,Plecoptera,Capniidae,Capnia,,,Shredder,2,"sp, cn",3.7,
CAPNIIDAE,Arthropoda,Insecta,Plecoptera,Capniidae,,,,Shredder,2,"sp, cn",3.7,
CARABIDAE,Arthropoda,Insecta,Coleoptera,Carabidae,,Terrestrial,Terrestrial,,4,,4,
CARDIOCLADIUS,Arthropoda,Insecta,Diptera,Chironomidae,Cardiocladius,Orthocladiinae,,Predator,7,"bu, cn",10,
CELINA,Arthropoda,Insecta,Coleoptera,Dytiscidae,Celina,,,Predator,,"sw, dv",5,Added 6 Nov 06 by DB;
CENTROPTILUM,Arthropoda,Insecta,Ephemeroptera,Baetidae,Centroptilum,,,Collector,5,"sw, cn",2.3,
CERACLEA,Arthropoda,Insecta,Trichoptera,Leptoceridae,Ceraclea,Athripsodini,Athripsodini,Collector,4,"sp, cb",4.1,
CERATOPOGON,Arthropoda,Insecta,Diptera,Ceratopogonidae,Ceratopogon,,,Predator,6,"sp, bu",2.7,
CERATOPOGONIDAE,Arthropoda,Insecta,Diptera,Ceratopogonidae,,,,Predator,6,"sp, bu",3.6,
CHAETOCLADIUS,Arthropoda,Insecta,Diptera,Chironomidae,Chaetocladius,Orthocladiinae,,Collector,7,sp,7,
CHAETOGASTER,Annelida,Oligochaeta,Tubificida,Naididae,Chaetogaster,,,,10,,,
CHAOBORIDAE,Arthropoda,Insecta,Diptera,Chaoboridae,,,,,,,,
CHAOBORUS,Arthropoda,Insecta,Diptera,Chaoboridae,Chaoborus,,,Predator,,"sp, sw",4,
CHAULIODES,Arthropoda,Insecta,Megaloptera,Corydalidae,Chauliodes,,,Predator,2,"cn, cb",1.4,
CHELIFERA,Arthropoda,Insecta,Diptera,Empididae,Chelifera,Hemerodromiini,Hemerodromiini,Predator,6,"sp, bu",7.1,
CHEUMATOPSYCHE,Arthropoda,Insecta,Trichoptera,Hydropsychidae,Cheumatopsyche,,,Filterer,5,cn,6.5,
CHIMARRA,Arthropoda,Insecta,Trichoptera,Philopotamidae,Chimarra,,,Filterer,3,cn,4.4,
CHIRONOMIDAE,Arthropoda,Insecta,Diptera,Chironomidae,,,,,7,,6.6,
CHIRONOMINAE,Arthropoda,Insecta,Diptera,Chironomidae,,Chironominae,Chironomini,Collector,7,,6.6,
CHIRONOMINI,Arthropoda,Insecta,Diptera,Chironomidae,Chironomini,Chironominae,Chironomini,,7,,5.9,
CHIRONOMUS,Arthropoda,Insecta,Diptera,Chironomidae,Chironomus,Chironominae,Chironomini,Collector,7,bu,4.6,
CHLAENIUS,Arthropoda,Insecta,Coleoptera,Carabidae,Chlaenius,Terrestrial,Terrestrial,,4,,,
CHLOROPERLIDAE,Arthropoda,Insecta,Plecoptera,Chloroperlidae,,,,Predator,1,cn,1.6,
CHRYSOGASTER,Arthropoda,Insecta,Diptera,Syrphidae,Chrysogaster,,,Collector,10,bu,,
CHRYSOMELIDAE,Arthropoda,Insecta,Coleoptera,Chrysomelidae,,,,Shredder,,cn,,
CHRYSOPS,Arthropoda,Insecta,Diptera,Tabanidae,Chrysops,,,Predator,6,"sp, bu",2.9,
CINYGMULA,Arthropoda,Insecta,Ephemeroptera,Heptageniidae,Cinygmula,,,Scraper,3,cn,1.6,
CLADOCERA,Arthropoda,Crustacea,Cladocera,,,,,Filterer,8,,8,
CLADOPELMA,Arthropoda,Insecta,Diptera,Chironomidae,Cladopelma,Chironominae,Chironomini,Collector,7,bu,6.6,
CLADOTANYTARSUS,Arthropoda,Insecta,Diptera,Chironomidae,Cladotanytarsus,Chironominae,Tanytarsini,Filterer,7,,6.6,
CLIMACIA,Arthropoda,Insecta,Neuroptera,Sisyridae,Climacia,,,Predator,,cb,,
CLINOCERA,Arthropoda,Insecta,Diptera,Empididae,Clinocera,,,Predator,6,cn,7.4,
CLINOTANYPUS,Arthropoda,Insecta,Diptera,Chironomidae,Clinotanypus,Tanypodinae,Coelotanypodini,Predator,7,bu,6.6,
CLIOPERLA,Arthropoda,Insecta,Plecoptera,Perlodidae,Clioperla,,,Predator,2,cn,1.7,
CLOEON,Arthropoda,Insecta,Ephemeroptera,Baetidae,Cloeon,,,Collector,,"sw, cn",9,
CNEPHIA,Arthropoda,Insecta,Diptera,Simuliidae,Cnephia,Prosimuliini,Prosimuliini,Filterer,7,cn,3.2,
COENAGRIONIDAE,Arthropoda,Insecta,Odonata,Coenagrionidae,,,,Predator,8,cb,9,
COLLEMBOLA,Arthropoda,Insecta,Collembola,,,,,,,,6,
CONCHAPELOPIA,Arthropoda,Insecta,Diptera,Chironomidae,Conchapelopia,Tanypodinae,Pentaneurini,Predator,7,sp,6.1,
CONSTEMPELLINA,Arthropoda,Insecta,Diptera,Chironomidae,Constempellina,Chironominae,Tanytarsini,Collector,7,,6.6,
COPELATUS,Arthropoda,Insecta,Coleoptera,Dytiscidae,Copelatus,,,Predator,5,sw,5,
COPEPODA,Arthropoda,Crustacea,Copepoda,,,,,Collector,8,,8,
COPTOTOMUS,Arthropoda,Insecta,Coleoptera,Dytiscidae,Coptotomus,,,Predator,,"sw, dv, cb",9,
CORBICULA,Mollusca,Bivalvia,Veneroida,Corbiculidae,Corbicula,Mollusca,,Filterer,6,bu,6,
CORBICULIDAE,Mollusca,Bivalvia,Veneroida,Corbiculidae,,,,Filterer,6,,6,
CORDULEGASTER,Arthropoda,Insecta,Odonata,Cordulegastridae,Cordulegaster,,,Predator,3,bu,2.4,
CORDULEGASTRIDAE,Arthropoda,Insecta,Odonata,Cordulegastridae,,,,Predator,3,,3,
CORDULIIDAE,Arthropoda,Insecta,Odonata,Corduliidae,,,,Predator,3,"sp, cb",2,
CORIXIDAE,Arthropoda,Insecta,Hemiptera,Corixidae,,,,Predator,5,sw,5.6,
CORYDALIDAE,Arthropoda,Insecta,Megaloptera,Corydalidae,,,,Predator,2,,1.4,
CORYDALUS,Arthropoda,Insecta,Megaloptera,Corydalidae,Corydalus,,,Predator,2,"cn, cb",1.4,
CORYNONEURA,Arthropoda,Insecta,Diptera,Chironomidae,Corynoneura,Orthocladiinae,,Collector,7,sp,4.1,
GLOSSOSOMA,Arthropoda,Insecta,Trichoptera,Glossosomatidae,Glossosoma,Glossosomatini,Glossosomatini,Scraper,1,cn,0,
GLOSSOSOMATIDAE,Arthropoda,Insecta,Trichoptera,Glossosomatidae,,,,Scraper,1,cn,1,
GLYPTOTENDIPES,Arthropoda,Insecta,Diptera,Chironomidae,Glyptotendipes,Chironominae,Chironomini,Filterer,7,"bu, cn",6.6,
GOERA,Arthropoda,Insecta,Trichoptera,Goeridae,Goera,,,Scraper,4,cn,3.4,
GOERIDAE,Arthropoda,Insecta,Trichoptera,Goeridae,,,,Scraper,,cn,,
GOMPHIDAE,Arthropoda,Insecta,Odonata,Gomphidae,,,,Predator,5,bu,2.2,
GOMPHUS,Arthropoda,Insecta,Odonata,Gomphidae,Gomphus,,,Predator,5,bu,2.2,
GONIOBASIS,Mollusca,Gastropoda,Neotaenioglossa,Pleuroceridae,Goniobasis,Mollusca,,Scraper,6,cb,10,Change to Goniobasis from Elimia per EF's memo in 2007
GORDIIDAE,Nematomorpha,Nematomorpha,Gordioidea,Gordiidae,,,,Predator,,,6.8,
GRENIERA,Arthropoda,Insecta,Diptera,Simuliidae,Greniera,Prosimuliini,Prosimuliini,Filterer,7,,3.2,
GUTTIPELOPIA,Arthropoda,Insecta,Diptera,Chironomidae,Guttipelopia,Tanypodinae,Pentaneurini,Predator,7,,6.6,
GYRAULUS,Mollusca,Gastropoda,Basommatophora,Planorbidae,Gyraulus,Mollusca,,Scraper,7,cb,7.6,
GYRINIDAE,Arthropoda,Insecta,Coleoptera,Gyrinidae,,,,Predator,4,,4,
GYRINUS,Arthropoda,Insecta,Coleoptera,Gyrinidae,Gyrinus,,,Predator,4,"sw, dv",4,
HABROPHLEBIA,Arthropoda,Insecta,Ephemeroptera,Leptophlebiidae,Habrophlebia,,,Collector,3,"sw, cn, sp",1.7,
HAGENIUS,Arthropoda,Insecta,Odonata,Gomphidae,Hagenius,,,Predator,5,sp,2.2,
HALIPLIDAE,Arthropoda,Insecta,Coleoptera,Haliplidae,,,,,5,,5,
HALIPLUS,Arthropoda,Insecta,Coleoptera,Haliplidae,Haliplus,,,Shredder,5,cb,9,
HAPLOPERLA,Arthropoda,Insecta,Plecoptera,Chloroperlidae,Haploperla,,,Predator,1,cn,1.6,
HAPLOTAXIDAE,Annelida,Oligochaeta,Haplotaxida,Haplotaxidae,,,,,,,,
HELENIELLA,Arthropoda,Insecta,Diptera,Chironomidae,Heleniella,Orthocladiinae,,Predator,7,sp,0.9,
HELICHUS,Arthropoda,Insecta,Coleoptera,Dryopidae,Helichus,,,Scraper,5,cn,6.4,
HELICOPSYCHE,Arthropoda,Insecta,Trichoptera,Helicopsychidae,Helicopsyche,,,Scraper,3,cn,,
HELICOPSYCHIDAE,Arthropoda,Insecta,Trichoptera,Helicopsychidae,,,,,,,,
HELISOMA,Mollusca,Gastropoda,Basommatophora,Planorbidae,Helisoma,Mollusca,,Scraper,7,cb,7.6,
HELIUS,Arthropoda,Insecta,Diptera,Tipulidae,Helius,,,Predator,6,"sp, bu",3.6,
HELOBDELLA,Annelida,Hirudinea,Rhynchobdellida,Glossiphoniidae,Helobdella,,,Predator,8,sp,6,
HELOCHARES,Arthropoda,Insecta,Coleoptera,Hydrophilidae,Helochares,,,,,,,
HELOCOMBUS,Arthropoda,Insecta,Coleoptera,Dytiscidae,Helocombus,,,,5,,4.1,
HELOCORDULIA,Arthropoda,Insecta,Odonata,Corduliidae,Helocordulia,,,,3,,,
HELOPHORIDAE,Arthropoda,Insecta,Coleoptera,Helophoridae,,,,Shredder,,cl,,
HELOPHORUS,Arthropoda,Insecta,Coleoptera,Helophoridae,Helophorus,,,Shredder,,,4.1,
HELOPICUS,Arthropoda,Insecta,Plecoptera,Perlodidae,Helopicus,,,Predator,,,,
HEMERODROMIA,Arthropoda,Insecta,Diptera,Empididae,Hemerodromia,Hemerodromiini,Hemerodromiini,Predator,6,"sp, bu",7.9,
HEPTAGENIA,Arthropoda,Insecta,Ephemeroptera,Heptageniidae,Heptagenia,,,Scraper,3,"cn, sw",2.6,
HEPTAGENIIDAE,Arthropoda,Insecta,Ephemeroptera,Heptageniidae,,,,Scraper,3,cn,2.6,
HESPEROCORIXA,Arthropoda,Insecta,Hemiptera,Corixidae,Hesperocorixa,,,Piercer,5,sw,5.6,
HETEROCLOEON,Arthropoda,Insecta,Ephemeroptera,Baetidae,Heterocloeon,na,na,Scraper,5,"sw, cn",5,Added 7 Oct 2008 MTK
HETEROPLECTRON,Arthropoda,Insecta,Trichoptera,Calamoceratidae,Heteroplectron,,,Shredder,3,sp,3,
HETEROTRISSOCLADIUS,Arthropoda,Insecta,Diptera,Chironomidae,Heterotrissocladius,Orthocladiinae,,Collector,7,"sp, bu",2,
HEXAGENIA,Arthropoda,Insecta,Ephemeroptera,Ephemeridae,Hexagenia,,,Collector,4,bu,6,
HEXATOMA,Arthropoda,Insecta,Diptera,Tipulidae,Hexatoma,,,Predator,4,"bu, sp",1.5,
HIRUDINEA,Annelida,Hirudinea,,,,,,Predator,8,sp,,
HOMOPLECTRA,Arthropoda,Insecta,Trichoptera,Hydropsychidae,Homoplectra,,,Filterer,5,cn,5.7,
HYALELLA,Arthropoda,Malacostraca,Amphipoda,Hyalellidae,Hyalella,Crustacea,,Shredder,8,sp,4.2,
HYALELLIDAE,Arthropoda,Malacostraca,Amphipoda,Hyalellidae,,,,Shredder,8,,8,
HYDATICUS,Arthropoda,Insecta,Coleoptera,Dytiscidae,Hydaticus,,,Predator,5,sw,5,
HYDATOPHYLAX,Arthropoda,Insecta,Trichoptera,Limnephilidae,Hydatophylax,Stenophylacini,Stenophylacini,Shredder,4,"sp, cb",3.4,
HYDROBAENUS,Arthropoda,Insecta,Diptera,Chironomidae,Hydrobaenus,Orthocladiinae,,Scraper,7,sp,7.2,
HYDROBIA,Mollusca,Gastropoda,Neotaenioglossa,Hydrobiidae,Hydrobia,,,Scraper,8,cb,8,
HYDROBIIDAE,Mollusca,Gastropoda,Mesogastropoda,Hydrobiidae,,,,Scraper,8,cb,8,
HYDROBIUS,Arthropoda,Insecta,Coleoptera,Hydrophilidae,Hydrobius,,,Collector,5,"cb, cn, sp",4.1,
HYDROCANTHUS,Arthropoda,Insecta,Coleoptera,Noteridae,Hydrocanthus,,,,,cb,7,
HYDROCHARA,Arthropoda,Insecta,Coleoptera,Hydrophilidae,Hydrochara,,,,5,,4.1,
HYDROCHIDAE,Arthropoda,Insecta,Coleoptera,Hydrochidae,,,,,,,,
HYDROCHUS,Arthropoda,Insecta,Coleoptera,Hydrochidae,Hydrochus,,,Shredder,5,cb,4.1,
HYDROPHILIDAE,Arthropoda,Insecta,Coleoptera,Hydrophilidae,,,,,5,,4.1,
HYDROPHILUS,Arthropoda,Insecta,Coleoptera,Hydrophilidae,Hydrophilus,,,Collector,5,"sw, dv, cb",4.1,
HYDROPORUS,Arthropoda,Insecta,Coleoptera,Dytiscidae,Hydroporus,,,Predator,5,"sw, cb",4.6,
HYDROPSYCHE,Arthropoda,Insecta,Trichoptera,Hydropsychidae,Hydropsyche,,,Filterer,5,cn,7.5,
HYDROPSYCHIDAE,Arthropoda,Insecta,Trichoptera,Hydropsychidae,,,,Filterer,5,cn,5.7,
HYDROPTILA,Arthropoda,Insecta,Trichoptera,Hydroptilidae,Hydroptila,Hydroptilini,Hydroptilini,Scraper,4,cn,6,
HYDROPTILIDAE,Arthropoda,Insecta,Trichoptera,Hydroptilidae,,,,,4,,4,
HYGROTUS,Arthropoda,Insecta,Coleoptera,Dytiscidae,Hygrotus,,,Predator,,"sw, dv",,
HYMENOPTERA,Arthropoda,Insecta,Hymenoptera,,,,,,,,,
IRONOQUIA,Arthropoda,Insecta,Trichoptera,Limnephilidae,Ironoquia,,,Shredder,4,sp,4.9,
ISCHNURA,Arthropoda,Insecta,Odonata,Coenagrionidae,Ischnura,,,Predator,8,cb,9,
ISONYCHIA,Arthropoda,Insecta,Ephemeroptera,Isonychiidae,Isonychia,,,Filterer,2,"sw, cn",2.5,
ISONYCHIIDAE,Arthropoda,Insecta,Ephemeroptera,Isonychiidae,,,,,2,,2,
ISOPERLA,Arthropoda,Insecta,Plecoptera,Perlodidae,Isoperla,,,Predator,2,"cn, sp",2.4,
ISOPODA,Arthropoda,Malacostraca,Isopoda,,,,,Collector,8,,3.3,
ISOTOMIDAE,Arthropoda,Insecta,Collembola,Isotomidae,,,,,,,4.8,
ISOTOMURUS,Arthropoda,Insecta,Collembola,Isotomidae,Isotomurus,,,,,,4.8,
KIEFFERULUS,Arthropoda,Insecta,Diptera,Chironomidae,Kiefferulus,Chironominae,Chironomini,Collector,7,bu,6.6,
KRENOPELOPIA,Arthropoda,Insecta,Diptera,Chironomidae,Krenopelopia,Tanypodinae,Pentaneurini,Predator,7,sp,6.6,
LABRUNDINIA,Arthropoda,Insecta,Diptera,Chironomidae,Labrundinia,Tanypodinae,Pentaneurini,Predator,7,sp,6.6,
LACCOPHILUS,Arthropoda,Insecta,Coleoptera,Dytiscidae,Laccophilus,,,Predator,5,"sw, dv",5.4,
LACCORNIS,Arthropoda,Insecta,Coleoptera,Dytiscidae,Laccornis,,,,5,sw,5.4,
LANTHUS,Arthropoda,Insecta,Odonata,Gomphidae,Lanthus,,,Predator,5,bu,1.1,
LARSIA,Arthropoda,Insecta,Diptera,Chironomidae,Larsia,Tanypodinae,Pentaneurini,Predator,7,sp,8.5,
LEPIDOPTERA,Arthropoda,Insecta,Lepidoptera,,,,,,6,,6.7,
LEPIDOSTOMA,Arthropoda,Insecta,Trichoptera,Lepidostomatidae,Lepidostoma,,,Shredder,2,"cb, sp, cn",0,
LEPIDOSTOMATIDAE,Arthropoda,Insecta,Trichoptera,Lepidostomatidae,,,,,2,,,
LEPTOCERIDAE,Arthropoda,Insecta,Trichoptera,Leptoceridae,,,,Collector,4,,4.1,
LEPTOHYPHIDAE,Arthropoda,Insecta,Ephemeroptera,Leptohyphidae,,,,Collector,6,"cn, sp",6,Change to Leptohyphidae from Tricorythidae per EF's memo of 2007
LEPTOPHLEBIA,Arthropoda,Insecta,Ephemeroptera,Leptophlebiidae,Leptophlebia,,,Collector,3,"sw, cn, sp",1.8,
LEPTOPHLEBIIDAE,Arthropoda,Insecta,Ephemeroptera,Leptophlebiidae,,,,Collector,3,"sw, cn",1.7,
LEPTOXIS,Mollusca,Gastropoda,Neotaenioglossa,Pleuroceridae,Leptoxis,Mollusca,,Scraper,6,cb,10,
LESTES,Arthropoda,Insecta,Odonata,Lestidae,Lestes,,,Predator,,cb,9,
LESTIDAE,Arthropoda,Insecta,Odonata,Lestidae,,,,Predator,,,,
LEUCORRHINIA,Arthropoda,Insecta,Odonata,Libellulidae,Leucorrhinia,,,Predator,9,cb,7,
LEUCOTRICHIA,Arthropoda,Insecta,Trichoptera,Hydroptilidae,Leucotrichia,Leucotrichiini,Leucotrichiini,Scraper,4,cn,5,
LEUCROCUTA,Arthropoda,Insecta,Ephemeroptera,Heptageniidae,Leucrocuta,,,Scraper,3,cn,1.8,
LEUCTRA,Arthropoda,Insecta,Plecoptera,Leuctridae,Leuctra,,,Shredder,0,cn,0.4,
LEUCTRIDAE,Arthropoda,Insecta,Plecoptera,Leuctridae,,,,Shredder,0,"sp, cn",0.8,
LIBELLULA,Arthropoda,Insecta,Odonata,Libellulidae,Libellula,,,Predator,9,sp,7,
LIBELLULIDAE,Arthropoda,Insecta,Odonata,Libellulidae,,,,Predator,9,,9,
LIMNEPHILIDAE,Arthropoda,Insecta,Trichoptera,Limnephilidae,,,,Shredder,4,"cb, sp, cn",3.4,
LIMNEPHILUS,Arthropoda,Insecta,Trichoptera,Limnephilidae,Limnephilus,Limnephilini,Limnephilini,Shredder,4,"cb, sp, cn",3.4,
LIMNODRILUS,Annelida,Oligochaeta,Tubificida,Tubificidae,Limnodrilus,,,Collector,10,cn,8.6,
LIMNOPHILA,Arthropoda,Insecta,Diptera,Tipulidae,Limnophila,,,Predator,4,bu,4.8,
LIMNOPHILUS,Arthropoda,Insecta,Trichoptera,Limnephilidae,Limnophilus,Limnephilini,Limnephilini,,4,,,
LIMNOPHORA,Arthropoda,Insecta,Diptera,Muscidae,Limnophora,Limnophorini,Limnophorini,Predator,7,bu,7,
LIMNOPHYES,Arthropoda,Insecta,Diptera,Chironomidae,Limnophyes,Orthocladiinae,,Collector,7,sp,8.6,
LIMNOPORUS,Arthropoda,Insecta,Hemiptera,Gerridae,Limnoporus,,,Predator,5,sk,6,
LIMONIA,Arthropoda,Insecta,Diptera,Tipulidae,Limonia,,,Shredder,4,"bu, sp",4.8,
LIOGMA,Arthropoda,Insecta,Diptera,Tipulidae,Liogma,,,,4,,4.8,
LIRCEUS,Arthropoda,Malacostraca,Isopoda,Asellidae,Lirceus,Crustacea,,Collector,8,sp,3.3,
LITOBRANCHA,Arthropoda,Insecta,Ephemeroptera,Ephemeridae,Litobrancha,,,,,bu,0,
LOPESCLADIUS,Arthropoda,Insecta,Diptera,Chironomidae,Lopescladius,Orthocladiinae,,Collector,7,sp,6.6,
LUMBRICINA,Annelida,Oligochaeta,Lumbricina,,,,,Collector,10,bu,,
LUMBRICULIDAE,Annelida,Oligochaeta,Lumbriculida,Lumbriculidae,,,,Collector,10,bu,6.6,
LYMNAEA,Mollusca,Gastropoda,Basommatophora,Lymnaeidae,Lymnaea,Mollusca,,Scraper,6,cb,6.9,
LYMNAEIDAE,Mollusca,Gastropoda,Basommatophora,Lymnaeidae,,,,Scraper,6,cb,6.9,
LYPE,Arthropoda,Insecta,Trichoptera,Psychomyiidae,Lype,,,Scraper,2,cn,4.7,
MACCAFFERTIUM,Arthropoda,Insecta,Ephemeroptera,Heptageniidae,Maccaffertium,na,na,Scraper,3,cn,3,Added 7 Oct 2008 MTK
MACROMIA,Arthropoda,Insecta,Odonata,Corduliidae,Macromia,,,Predator,3,sp,3,
MACRONYCHUS,Arthropoda,Insecta,Coleoptera,Elmidae,Macronychus,,,Scraper,5,cn,6.8,
MACROPELOPIA,Arthropoda,Insecta,Diptera,Chironomidae,Macropelopia,Tanypodinae,Macropelopiini,Predator,7,sp,6.6,
MACROSTEMUM,Arthropoda,Insecta,Trichoptera,Hydropsychidae,Macrostemum,Macronematinae,Macronematini,Filterer,5,cn,3,Added 7 Oct 2008 MTK
MALIREKUS,Arthropoda,Insecta,Plecoptera,Perlodidae,Malirekus,Perlodini,Perlodini,Predator,2,cn,2.2,
MALLOCHOHELEA,Arthropoda,Insecta,Diptera,Ceratopogonidae,Mallochohelea,,,Predator,6,bu,3.6,
MATUS,Arthropoda,Insecta,Coleoptera,Dytiscidae,Matus,,,,5,,5.4,
MEGALOPTERA,Arthropoda,Insecta,Megaloptera,,,,,,,,,
MENETUS,Mollusca,Gastropoda,Basommatophora,Planorbidae,Menetus,Mollusca,,Scraper,7,cb,7.6,
MEROPELOPIA,Arthropoda,Insecta,Diptera,Chironomidae,Meropelopia,Tanypodinae,Pentaneurini,,7,,6.8,
MESOCRICOTOPUS,Arthropoda,Insecta,Diptera,Chironomidae,Mesocricotopus,Orthocladiinae,,,7,,6.6,
MESOSMITTIA,Arthropoda,Insecta,Diptera,Chironomidae,Mesosmittia,Orthocladiinae,,,7,sp,6.6,
MESOVELIIDAE,Arthropoda,Insecta,Hemiptera,Mesoveliidae,,,,Predator,6,cn,6,
METRETOPODIDAE,Arthropoda,Insecta,Ephemeroptera,Metretopodidae,,,,,2,,2,
METRIOCNEMUS,Arthropoda,Insecta,Diptera,Chironomidae,Metriocnemus,Orthocladiinae,,,7,,,
METROBATES,Arthropoda,Insecta,Hemiptera,Gerridae,Metrobates,,,Predator,5,sk,,
MICRASEMA,Arthropoda,Insecta,Trichoptera,Brachycentridae,Micrasema,,,Shredder,1,"cn, sp",2.3,
MICROCYLLOEPUS,Arthropoda,Insecta,Coleoptera,Elmidae,Microcylloepus,,,Collector,5,,4.8,
MICROPSECTRA,Arthropoda,Insecta,Diptera,Chironomidae,Micropsectra,Chironominae,Tanytarsini,Collector,7,"cb, sp",2.1,
MICROTENDIPES,Arthropoda,Insecta,Diptera,Chironomidae,Microtendipes,Chironominae,Chironomini,Filterer,7,cn,4.9,
MICROVELIA,Arthropoda,Insecta,Hemiptera,Veliidae,Microvelia,,,Predator,6,sk,6,
MOCHLONYX,Arthropoda,Insecta,Diptera,Chaoboridae,Mochlonyx,,,,,,,Added Nov 6 07 by DB; No ecological information available
MOLANNA,Arthropoda,Insecta,Trichoptera,Molannidae,Molanna,,,Scraper,6,"sp, cn",6,
MOLANNIDAE,Arthropoda,Insecta,Trichoptera,Molannidae,,,,,6,,6,
MOLANNODES,Arthropoda,Insecta,Trichoptera,Molannidae,Molannodes,,,,6,,6,
MOLLUSCA,Mollusca,,,,,,,,,,,
MOLOPHILUS,Arthropoda,Insecta,Diptera,Tipulidae,Molophilus,,,,4,bu,4.8,
MOOREOBDELLA,Annelida,Hirudinea,Arhynchobdellida,Erpobdellidae,Mooreobdella,,,Predator,10,sp,8,
MUSCIDAE,Arthropoda,Insecta,Diptera,Muscidae,,,,Predator,7,sp,7,
MUSCULIUM,Mollusca,Bivalvia,Veneroida,Pisidiidae,Musculium,,,Filterer,8,,5.5,
MYSTACIDES,Arthropoda,Insecta,Trichoptera,Leptoceridae,Mystacides,Mystacidini,Mystacidini,Collector,4,"sp, cb",4.1,
NAIDIDAE,Annelida,Oligochaeta,Haplotaxida,Naididae,,,,Collector,10,bu,8.5,
NANOCLADIUS,Arthropoda,Insecta,Diptera,Chironomidae,Nanocladius,Orthocladiinae,,Collector,7,sp,7.6,
NASIAESCHNA,Arthropoda,Insecta,Odonata,Aeshnidae,Nasiaeschna,,,Predator,,"cb, cn",8,
NATARSIA,Arthropoda,Insecta,Diptera,Chironomidae,Natarsia,Tanypodinae,Natarsiini,Predator,7,sp,6.6,
NAUCORIDAE,Arthropoda,Insecta,Hemiptera,Naucoridae,,,,Predator,5,"cb, sw",5,
NECTOPSYCHE,Arthropoda,Insecta,Trichoptera,Leptoceridae,Nectopsyche,Nectopsychini,Nectopsychini,Shredder,4,"cb, sw",4.1,
NEHALENNIA,Arthropoda,Insecta,Odonata,Coenagrionidae,Nehalennia,,,Predator,8,cb,9,
NEMATOMORPHA,Nematomorpha,Nematomorpha,,,,,,,,bu,,
NEMOURA,Arthropoda,Insecta,Plecoptera,Nemouridae,Nemoura,,,Shredder,2,"sp, cn",2.9,
NEMOURIDAE,Arthropoda,Insecta,Plecoptera,Nemouridae,,,,Shredder,2,"sp, cn",2.9,
NEOPERLA,Arthropoda,Insecta,Plecoptera,Perlidae,Neoperla,Neoperlini,Neoperlini,Predator,2,cn,2.2,
NEOPHYLAX,Arthropoda,Insecta,Trichoptera,Uenoidae,Neophylax,,,Scraper,3,cn,2.7,
NEOPOROUS,Arthropoda,Insecta,Coleoptera,Dytiscidae,Neoporus,na,na,Predator,5,"sw, cb",5,Added 7 Oct 2008 MTK
NEPIDAE,Arthropoda,Insecta,Hemiptera,Nepidae,,,,Predator,,,,
NEURECLIPSIS,Arthropoda,Insecta,Trichoptera,Polycentropodidae,Neureclipsis,,,Filterer,6,cn,0.2,
NIGRONIA,Arthropoda,Insecta,Megaloptera,Corydalidae,Nigronia,,,Predator,2,"cn, cb",1.4,
NILOTANYPUS,Arthropoda,Insecta,Diptera,Chironomidae,Nilotanypus,Tanypodinae,Pentaneurini,Predator,7,sp,6.6,
NILOTHAUMA,Arthropoda,Insecta,Diptera,Chironomidae,Nilothauma,Chironominae,Chironomini,,7,lo,6.6,
NIXE,Arthropoda,Insecta,Ephemeroptera,Heptageniidae,Nixe,,,Scraper,3,cn,2.6,
NOCTUIDAE,Arthropoda,Insecta,Lepidoptera,Noctuidae,,,,Shredder,,bu,6.7,
NOTERIDAE,Arthropoda,Insecta,Hemiptera,Noteridae,,,,,,,,
NOTONECTA,Arthropoda,Insecta,Hemiptera,Notonectidae,Notonecta,,,Predator,10,"sw, cb",10,
NOTONECTIDAE,Arthropoda,Insecta,Hemiptera,Notonectidae,,,,,10,,10,
NYCTIOPHYLAX,Arthropoda,Insecta,Trichoptera,Polycentropodidae,Nyctiophylax,,,Filterer,6,cn,0.2,
OCHROTRICHIA,Arthropoda,Insecta,Trichoptera,Hydroptilidae,Ochrotrichia,Ochrotrichiini,Ochrotrichiini,Scraper,4,cn,4,
ODONATA,Arthropoda,Insecta,Odonata,,,,,Predator,,,6.6,
ODONTOCERIDAE,Arthropoda,Insecta,Trichoptera,Odontoceridae,,,,,0,,0,
ODONTOMESA,Arthropoda,Insecta,Diptera,Chironomidae,Odontomesa,Prodiamesinae,,Collector,7,sp,6.6,
OECETIS,Arthropoda,Insecta,Trichoptera,Leptoceridae,Oecetis,Oecetini,Oecetini,Predator,4,"cn, sp, cb",4.7,
OEMOPTERYX,Arthropoda,Insecta,Plecoptera,Taeniopterygidae,Oemopteryx,,,Shredder,2,"sp, cn",1.8,
OLIGOCHAETA,Annelida,Oligochaeta,,,,,,Collector,10,bu,10,
OLIGOSTOMIS,Arthropoda,Insecta,Trichoptera,Phryganeidae,Oligostomis,,,,5,,2,
OMISUS,Arthropoda,Insecta,Diptera,Chironomidae,Omisus,Chironominae,Chironomini,,7,,6.6,
OPHIOGOMPHUS,Arthropoda,Insecta,Odonata,Gomphidae,Ophiogomphus,,,Predator,,bu,6.2,Added 6 Nov 06 by DB;
OPTIOSERVUS,Arthropoda,Insecta,Coleoptera,Elmidae,Optioservus,,,Scraper,5,cn,5.4,
ORCONECTES,Arthropoda,Malacostraca,Decapoda,Cambaridae,Orconectes,Crustacea,,Shredder,6,sp,2.8,
ORMOSIA,Arthropoda,Insecta,Diptera,Tipulidae,Ormosia,,,Collector,4,bu,6.3,
ORTHOCLADIINAE,Arthropoda,Insecta,Diptera,Chironomidae,Orthocladiinae,Orthocladiinae,,Collector,7,,7.6,
ORTHOCLADIINAE A,Arthropoda,Insecta,Diptera,Chironomidae,Orthocladiinae A,Orthocladiinae,,Collector,7,,8.4,
ORTHOCLADIINAE B,Arthropoda,Insecta,Diptera,Chironomidae,Orthocladiinae B,Orthocladiinae,,Collector,7,,6.6,
ORTHOCLADIUS,Arthropoda,Insecta,Diptera,Chironomidae,Orthocladius,Orthocladiinae,,Collector,7,"sp, bu",9.2,
ORTHOTRICHIA,Arthropoda,Insecta,Trichoptera,Hydroptilidae,Orthotrichia,Orthotrichiini,Orthotrichiini,Piercer,4,,5,
OSTRACODA,Arthropoda,Crustacea,Ostracoda,,,,,Collector,8,,8,
OSTROCERCA,Arthropoda,Insecta,Plecoptera,Nemouridae,Ostrocerca,,,Shredder,2,"sp, cn",1.7,
OULIMNIUS,Arthropoda,Insecta,Coleoptera,Elmidae,Oulimnius,,,Scraper,5,cn,2.7,
OXYETHIRA,Arthropoda,Insecta,Trichoptera,Hydroptilidae,Oxyethira,Hydroptilini,Hydroptilini,Collector,4,cb,3,
PACHYDIPLAX,Arthropoda,Insecta,Odonata,Libellulidae,Pachydiplax,,,Predator,9,,8,
PAGASTIA,Arthropoda,Insecta,Diptera,Chironomidae,Pagastia,Diamesinae,Diamesini,Collector,7,,6.6,
PAGASTIELLA,Arthropoda,Insecta,Diptera,Chironomidae,Pagastiella,Chironominae,Chironomini,Collector,7,sp,,
PALAEMONETES,Arthropoda,Malacostraca,Decapoda,Palaemonidae,Palaemonetes,Crustacea,,,7,sp,7,
PALAEMONIDAE,Arthropoda,Malacostraca,Decapoda,Palaemonidae,,,,,7,,7,
PALMACORIXA,Arthropoda,Insecta,Hemiptera,Corixidae,Palmacorixa,,,Predator,5,,5.6,
PARACAPNIA,Arthropoda,Insecta,Plecoptera,Capniidae,Paracapnia,,,Shredder,2,,2.8,
PARACHAETOCLADIUS,Arthropoda,Insecta,Diptera,Chironomidae,Parachaetocladius,Orthocladiinae,,Collector,7,sp,3.3,
PARACHIRONOMUS,Arthropoda,Insecta,Diptera,Chironomidae,Parachironomus,Chironominae,Chironomini,Predator,7,sp,6.6,
PARACLADOPELMA,Arthropoda,Insecta,Diptera,Chironomidae,Paracladopelma,Chironominae,Chironomini,Collector,7,sp,6.6,
PARAGNETINA,Arthropoda,Insecta,Plecoptera,Perlidae,Paragnetina,Perlini,Perlini,Predator,2,cn,2.2,
PARAKIEFFERIELLA,Arthropoda,Insecta,Diptera,Chironomidae,Parakiefferiella,Orthocladiinae,,Collector,7,sp,2.1,
PARALAUTERBORNIELLA,Arthropoda,Insecta,Diptera,Chironomidae,Paralauterborniella,Chironominae,Chironomini,Collector,7,cn,6.6,
PARALEPTOPHLEBIA,Arthropoda,Insecta,Ephemeroptera,Leptophlebiidae,Paraleptophlebia,,,Collector,3,"sw, cn, sp",2,
PARALEUCTRA,Arthropoda,Insecta,Plecoptera,Leuctridae,Paraleuctra,,,Shredder,0,"sp, cn",0.8,
PARAMERINA,Arthropoda,Insecta,Diptera,Chironomidae,Paramerina,Tanypodinae,Pentaneurini,Predator,7,sp,6.6,
PARAMETRIOCNEMUS,Arthropoda,Insecta,Diptera,Chironomidae,Parametriocnemus,Orthocladiinae,,Collector,7,sp,4.6,
PARANEMOURA,Arthropoda,Insecta,Plecoptera,Nemouridae,Paranemoura,,,,2,,2.9,
PARAPHAENOCLADIUS,Arthropoda,Insecta,Diptera,Chironomidae,Paraphaenocladius,Orthocladiinae,,Collector,7,sp,4,
PARAPSYCHE,Arthropoda,Insecta,Trichoptera,Hydropsychidae,Parapsyche,,,Filterer,5,cn,5.7,
PARASMITTIA,Arthropoda,Insecta,Diptera,Chironomidae,Parasmittia,Orthocladiinae,,,7,,6.6,
PARATANYTARSUS,Arthropoda,Insecta,Diptera,Chironomidae,Paratanytarsus,Chironominae,Tanytarsini,Collector,7,sp,7.7,
PARATENDIPES,Arthropoda,Insecta,Diptera,Chironomidae,Paratendipes,Chironominae,Chironomini,Collector,7,bu,6.6,
PARATRICHOCLADIUS,Arthropoda,Insecta,Diptera,Chironomidae,Paratrichocladius,Orthocladiinae,,Collector,7,sp,6.6,
PEDICIA,Arthropoda,Insecta,Diptera,Tipulidae,Pedicia,,,Predator,4,bu,4.8,
PELECORHYNCHIDAE,Arthropoda,Insecta,Diptera,Pelechorhynchidae,,,,Predator,3,,,
PELOCORIS,Arthropoda,Insecta,Hemiptera,Naucoridae,Pelocoris,,,Predator,,,7,Added on 6 Nov 07 by DB. Tol val from RBP Appendix B/MACS
PELTODYTES,Arthropoda,Insecta,Coleoptera,Haliplidae,Peltodytes,,,Shredder,5,"cb, cn",8.9,
PELTOPERLA,Arthropoda,Insecta,Plecoptera,Peltoperlidae,Peltoperla,,,Shredder,2,"cn, sp",1.1,
PELTOPERLIDAE,Arthropoda,Insecta,Plecoptera,Peltoperlidae,,,,Shredder,2,"cn, sp",1.3,
PENTAGENIA,Arthropoda,Insecta,Ephemeroptera,Palingeniidae,Pentagenia,,,Collector,4,,3,
PENTANEURA,Arthropoda,Insecta,Diptera,Chironomidae,Pentaneura,Tanypodinae,Pentaneurini,Predator,7,sp,6.6,
PERICOMA,Arthropoda,Insecta,Diptera,Psychodidae,Pericoma,,,Collector,4,,4,
PERLESTA,Arthropoda,Insecta,Plecoptera,Perlidae,Perlesta,Acroneuriini,Acroneuriini,Predator,2,cn,1.6,
PERLIDAE,Arthropoda,Insecta,Plecoptera,Perlidae,,,,Predator,2,cn,2.2,
PERLINELLA,Arthropoda,Insecta,Plecoptera,Perlidae,Perlinella,Acroneuriini,Acroneuriini,Predator,1,cn,1.6,
PERLODIDAE,Arthropoda,Insecta,Plecoptera,Perlodidae,,,,Predator,2,cn,2.2,
PETROPHILA,Arthropoda,Insecta,Lepidoptera,Crambidae,Petrophila,Nymphulinae,Argyractini,Scraper,5,"cb, sw",5,Added 7 Oct 2008 MTK
PHAENOPSECTRA,Arthropoda,Insecta,Diptera,Chironomidae,Phaenopsectra,Chironominae,Chironomini,Collector,7,cn,8.7,
PHAGOCATA,Platyhelminthes,Turbellaria,Tricladida,Planariidae,Phagocata,,,Predator,6,,8.4,
PHASGANOPHORA,Arthropoda,Insecta,Plecoptera,Perlidae,Agnetina,Agnetina,Agnetina,Predator,2,cn,2.2,
PHILOPOTAMIDAE,Arthropoda,Insecta,Trichoptera,Philopotamidae,,,,Filterer,3,cn,2.6,
PHRYGANEIDAE,Arthropoda,Insecta,Trichoptera,Phryganeidae,,,,Shredder,5,,4.3,
PHYLOCENTROPUS,Arthropoda,Insecta,Trichoptera,Dipseudopsidae,Phylocentropus,,,Collector,5,bu,5,
PHYSA,Mollusca,Gastropoda,Basommatophora,Physidae,Physa,Mollusca,,Scraper,8,cb,7,Changed back to Physa from Physella per EF's memo in 2007
PHYSELLA,Mollusca,Gastropoda,Basommatophora,Physidae,Physella,Mollusca,,Scraper,8,cb,8,
PHYSA/PHYSELLA SP,Mollusca,Gastropoda,Basommatophora,Physidae,Physa,Mollusca,,Scraper,8,cb,7,Added 10/10/2018.
PHYSIDAE,Mollusca,Gastropoda,Basommatophora,Physidae,,,,Scraper,8,cb,7,
PILARIA,Arthropoda,Insecta,Diptera,Tipulidae,Pilaria,,,Predator,4,bu,4.8,
PISCICOLA,Annelida,Hirudinea,Rhynchobdellida,Piscicolidae,Piscicola,,,Predator,7,sp,,
PISCICOLIDAE,Annelida,Hirudinea,Rhynchobdellida,Piscicolidae,,,,,7,,7,
PISIDIUM,Mollusca,Bivalvia,Veneroida,Pisidiidae,Pisidium,Mollusca,,Filterer,8,bu,5.7,
PLACOBDELLA,Annelida,Hirudinea,Rhynchobdellida,Glossiphoniidae,Placobdella,,,Predator,8,,6,
PLANARIIDAE,Platyhelminthes,Turbellaria,Tricladida,Planariidae,,,,Predator,6,sp,8.4,
PLANORBELLA,Mollusca,Gastropoda,Basommatophora,Planorbidae,Planorbella,Mollusca,,Scraper,7,cb,7.6,
PLANORBIDAE,Mollusca,Gastropoda,Basommatophora,Planorbidae,,Mollusca,,Scraper,7,cb,7.6,
PLATHEMIS,Arthropoda,Insecta,Odonata,Libellulidae,Plathemis,,,Predator,9,,3,
PLATYCENTROPUS,Arthropoda,Insecta,Trichoptera,Limnephilidae,Platycentropus,Limnephilini,Limnephilini,Shredder,4,cb,3.4,
PLATYSMITTIA,Arthropoda,Insecta,Diptera,Chironomidae,Platysmittia,Orthocladiinae,,,7,,6.6,
PLAUDITUS,Arthropoda,Insecta,Ephemeroptera,Baetidae,Plauditus,,,,,,,Added on 6 Nov 07 by DB. No ecological data available
PLECOPTERA,Arthropoda,Insecta,Plecoptera,,,,,,,,2.4,
PLEUROCERIDAE,Mollusca,Gastropoda,Mesogastropoda,Pleuroceridae,,,,,6,,6,
PODONOMINAE,Arthropoda,Insecta,Diptera,Chironomidae,,,PODONOMINAE,,,,,
POLYCENTROPODIDAE,Arthropoda,Insecta,Trichoptera,Polycentropodidae,,,,,6,cn,0.2,
POLYCENTROPUS,Arthropoda,Insecta,Trichoptera,Polycentropodidae,Polycentropus,,,Filterer,6,cn,1.1,
POLYCENTROPUS GROUP,Arthropoda,Insecta,Trichoptera,Polycentropodidae,Polycentropus,,,Filterer,6,cn,1.1,Added 7/24/18
POLYMITARCYIDAE,Arthropoda,Insecta,Ephemeroptera,Polymitarcyidae,,,,Collector,2,bu,2,
POLYPEDILUM,Arthropoda,Insecta,Diptera,Chironomidae,Polypedilum,Chironominae,Chironomini,Shredder,7,"cb, cn",6.3,
POTAMANTHIDAE,Arthropoda,Insecta,Ephemeroptera,Potamanthidae,,,,,4,,4,
POTAMYIA,Arthropoda,Insecta,Trichoptera,Hydropsychidae,Potamyia,,,Filterer,5,cn,5.7,
POTTHASTIA,Arthropoda,Insecta,Diptera,Chironomidae,Potthastia,Diamesinae,Diamesini,Collector,7,sp,0,
PROBEZZIA,Arthropoda,Insecta,Diptera,Ceratopogonidae,Probezzia,,,Predator,6,bu,3,
PROCAMBARUS,Arthropoda,Malacostraca,Decapoda,Cambaridae,Procambarus,,,Collector,6,,2.8,
PROCLADIUS,Arthropoda,Insecta,Diptera,Chironomidae,Procladius,Tanypodinae,Procladiini,Predator,7,sp,1.2,
PROCLOEON,Arthropoda,Insecta,Ephemeroptera,Baetidae,Procloeon,,,Collector,5,,2.3,
PRODIAMESA,Arthropoda,Insecta,Diptera,Chironomidae,Prodiamesa,Prodiamesinae,,Collector,7,"bu, sp",6.6,
PROGOMPHUS,Arthropoda,Insecta,Odonata,Gomphidae,Progomphus,,,Predator,5,bu,2.2,
PROMENETUS,Mollusca,Gastropoda,Basommatophora,Planorbidae,Promenetus,Mollusca,,Scraper,7,cb,7.6,
PROMORESIA,Arthropoda,Insecta,Coleoptera,Elmidae,Promoresia,,,Scraper,5,cn,0,
PROSIMULIUM,Arthropoda,Insecta,Diptera,Simuliidae,Prosimulium,Prosimuliini,Prosimuliini,Filterer,7,cn,2.4,
PROSTOIA,Arthropoda,Insecta,Plecoptera,Nemouridae,Prostoia,,,Shredder,2,"sp, cn",4.5,
PROSTOMA,Nemertea,Enopla,Hoplonemertea,Tetrastemmatidae,Prostoma,,,Predator,,,7.3,
PROTOPLASA,Arthropoda,Insecta,Diptera,Tanyderidae,Protoplasa,,,Collector,,,5,
PSECTROCLADIUS,Arthropoda,Insecta,Diptera,Chironomidae,Psectrocladius,Orthocladiinae,,Shredder,7,"sp, bu",6.6,
PSECTROTANYPUS,Arthropoda,Insecta,Diptera,Chironomidae,Psectrotanypus,Tanypodinae,Macropelopiini,Predator,7,bu,6.6,
PSEPHENIDAE,Arthropoda,Insecta,Coleoptera,Psephenidae,,,,,4,,4,
PSEPHENUS,Arthropoda,Insecta,Coleoptera,Psephenidae,Psephenus,,,Scraper,4,cn,4.4,
PSEUDOCHIRONOMUS,Arthropoda,Insecta,Diptera,Chironomidae,Pseudochironomus,Chironominae,Pseudochironomini,Collector,7,,6.6,
PSEUDOLIMNOPHILA,Arthropoda,Insecta,Diptera,Tipulidae,Pseudolimnophila,,,Predator,4,bu,2.8,
PSEUDORTHOCLADIUS,Arthropoda,Insecta,Diptera,Chironomidae,Pseudorthocladius,Orthocladiinae,,Collector,7,sp,6,
PSEUDOSMITTIA,Arthropoda,Insecta,Diptera,Chironomidae,Pseudosmittia,Orthocladiinae,,Collector,7,sp,6.6,
PSEUDOSUCCINEA,Mollusca,Gastropoda,Basommatophora,Lymnaeidae,Pseudosuccinea,Mollusca,,Collector,6,cb,6.3,
PSILOMETRIOCNEMUS,Arthropoda,Insecta,Diptera,Chironomidae,Psilometriocnemus,Orthocladiinae,,Collector,7,sp,6.6,
PSILOTRETA,Arthropoda,Insecta,Trichoptera,Odontoceridae,Psilotreta,,,Scraper,0,sp,0.9,
PSYCHODA,Arthropoda,Insecta,Diptera,Psychodidae,Psychoda,,,Collector,4,bu,4,
PSYCHODIDAE,Arthropoda,Insecta,Diptera,Psychodidae,,,,,4,,4,
PSYCHOMYIA,Arthropoda,Insecta,Trichoptera,Psychomyiidae,Psychomyia,,,Collector,2,cn,4.9,
PSYCHOMYIIDAE,Arthropoda,Insecta,Trichoptera,Psychomyiidae,,,,,2,,4.9,
PTERONARCYIDAE,Arthropoda,Insecta,Plecoptera,Pteronarcyidae,,,,,2,,2,
PTERONARCYS,Arthropoda,Insecta,Plecoptera,Pteronarcyidae,Pteronarcys,Pteronarcini,Pteronarcini,Shredder,2,"cn, sp",1.1,
PTILODACTYLIDAE,Arthropoda,Insecta,Coleoptera,Ptilodactylidae,,,,,4,,4,
PTILOSTOMIS,Arthropoda,Insecta,Trichoptera,Phryganeidae,Ptilostomis,,,Shredder,5,cb,4.3,
PTYCHOPTERA,Arthropoda,Insecta,Diptera,Ptychopteridae,Ptychoptera,,,Collector,7,,4,
PTYCHOPTERIDAE,Arthropoda,Insecta,Diptera,Ptychopteridae,,,,,8,,8,
PYCNOPSYCHE,Arthropoda,Insecta,Trichoptera,Limnephilidae,Pycnopsyche,Stenophylacini,Stenophylacini,Shredder,4,"sp, cb, cn",3.1,
PYRALIDAE,Arthropoda,Insecta,Lepidoptera,Pyralidae,,,,Shredder,5,cb,6.7,
PYRODERCES,Arthropoda,Insecta,Lepidoptera,Cosmopterygidae,Pyroderces,,,Shredder,5,bu,6.7,
QUISTRADRILUS,Annelida,Oligochaeta,Tubificida,Tubificidae,Quistadrilus,,,,,,,Entered on Nov 6 07 by DB; no ecological information available
RADIX,Mollusca,Gastropoda,Basommatophora,Lymnaeidae,Radix,Mollusca,,Collector,6,cb,6.9,
RANATRA,Arthropoda,Insecta,Hemiptera,Nepidae,Ranatra,,,Predator,,,5.6,
RHABDOMASTIX,Arthropoda,Insecta,Diptera,Tipulidae,Rhabdomastix,,,,4,bu,4.8,
RHAGOVELIA,Arthropoda,Insecta,Hemiptera,Veliidae,Rhagovelia,,,Predator,6,sk,6,
RHANTUS,Arthropoda,Insecta,Coleoptera,Dytiscidae,Rhantus,,,Predator,5,sw,5.4,
RHEOCRICOTOPUS,Arthropoda,Insecta,Diptera,Chironomidae,Rheocricotopus,Orthocladiinae,,Collector,7,sp,6.2,
RHEOPELOPIA,Arthropoda,Insecta,Diptera,Chironomidae,Rheopelopia,Tanypodinae,Pentaneurini,Predator,7,sp,6.6,
RHEOSMITTIA,Arthropoda,Insecta,Diptera,Chironomidae,Rheosmittia,Orthocladiinae,,,7,,6.6,
RHEOTANYTARSUS,Arthropoda,Insecta,Diptera,Chironomidae,Rheotanytarsus,Chironominae,Tanytarsini,Filterer,7,cn,7.2,
RHITHROGENA,Arthropoda,Insecta,Ephemeroptera,Heptageniidae,Rhithrogena,,,Collector,,cn,0,
RHYACOPHILA,Arthropoda,Insecta,Trichoptera,Rhyacophilidae,Rhyacophila,,,Predator,1,cn,2.1,
RHYACOPHILIDAE,Arthropoda,Insecta,Trichoptera,Rhyacophilidae,,,,,1,,1,
ROBACKIA,Arthropoda,Insecta,Diptera,Chironomidae,Robackia,Chironominae,Chironomini,Collector,7,,,
SAETHERIA,Arthropoda,Insecta,Diptera,Chironomidae,Saetheria,Chironominae,Chironomini,Collector,7,bu,6.6,
SALDIDAE,Arthropoda,Insecta,Hemiptera,Saldidae,,,,Predator,10,,6,
SARCOPHAGIDAE,Arthropoda,Insecta,Diptera,Sarcophagidae,,,,,,,,
SCIOMYZIDAE,Arthropoda,Insecta,Diptera,Sciomyzidae,,,,Predator,10,bu,6,
SCIRTIDAE,Arthropoda,Insecta,Coleoptera,Scirtidae,,,,Collector,7,"cb, sp",4,
SERICOSTOMATIDAE,Arthropoda,Insecta,Trichoptera,Sericostomatidae,,,,,3,,3,
SERRATELLA,Arthropoda,Insecta,Ephemeroptera,Ephemerellidae,Serratella,,,Collector,2,cn,2.8,
SHIPSA,Arthropoda,Insecta,Plecoptera,Nemouridae,Shipsa,,,Shredder,2,"sp, cn",2.9,
SIALIDAE,Arthropoda,Insecta,Megaloptera,Sialidae,,,,Predator,4,"bu, cb, cn",1.9,
SIALIS,Arthropoda,Insecta,Megaloptera,Sialidae,Sialis,,,Predator,4,"bu, cb, cn",1.9,
SIMULIIDAE,Arthropoda,Insecta,Diptera,Simuliidae,,,,Filterer,7,cn,3.2,
SIMULIUM,Arthropoda,Insecta,Diptera,Simuliidae,Simulium,Simuliini,Simuliini,Filterer,7,cn,5.7,
SIPHLONURIDAE,Arthropoda,Insecta,Ephemeroptera,Siphlonuridae,,,,Collector,7,"sw, cb",7,
SIPHLONURUS,Arthropoda,Insecta,Ephemeroptera,Siphlonuridae,Siphlonurus,,,Collector,7,"sw, cb",7,
SIPHLOPLECTON,Arthropoda,Insecta,Ephemeroptera,Metretopodidae,Siphloplecton,,,Predator,2,"sw, cn",2,
SISYRIDAE,Arthropoda,Insecta,Neuroptera,Sisyridae,,,,,,,,
SMINTHURIDAE,Arthropoda,Insecta,Collembola,Sminthuridae,,,,,,,,
SMITTIA,Arthropoda,Insecta,Diptera,Chironomidae,Smittia,Orthocladiinae,,Collector,7,le,6.6,
SOMATOCHLORA,Arthropoda,Insecta,Odonata,Corduliidae,Somatochlora,,,Predator,3,sp,1,
SOYEDINA,Arthropoda,Insecta,Plecoptera,Nemouridae,Soyedina,,,Shredder,2,"sp, cn",2.9,
SPERCHOPSIS,Arthropoda,Insecta,Coleoptera,Hydrophilidae,Sperchopsis,,,Collector,5,cn,4.1,
SPHAERIIDAE,Mollusca,Bivalvia,Veneroida,Pisidiidae,,Mollusca,,Filterer,8,bu,6.5,
SPHAERIUM,Mollusca,Bivalvia,Veneroida,Pisidiidae,Sphaerium,Mollusca,,Filterer,8,bu,5.5,
SPHAEROMIAS,Arthropoda,Insecta,Diptera,Ceratopogonidae,Sphaeromias,,,Predator,6,bu,3.6,
SPIROSPERMA,Annelida,Oligochaeta,Tubificida,Tubificidae,Spirosperma,,,Collector,10,cn,6.6,
STAGNICOLA,Mollusca,Gastropoda,Basommatophora,Lymnaeidae,Stagnicola,Mollusca,,Scraper,6,cb,7.8,
STEGOPTERNA,Arthropoda,Insecta,Diptera,Simuliidae,Stegopterna,Prosimuliini,Prosimuliini,Filterer,7,cn,2.4,
STEMPELLINA,Arthropoda,Insecta,Diptera,Chironomidae,Stempellina,Chironominae,Tanytarsini,Collector,7,cb,6.6,
STEMPELLINELLA,Arthropoda,Insecta,Diptera,Chironomidae,Stempellinella,Chironominae,Tanytarsini,Collector,7,"cb, sp, cn",4.2,
STENACRON,Arthropoda,Insecta,Ephemeroptera,Heptageniidae,Stenacron,,,Collector,3,cn,2,
STENELMIS,Arthropoda,Insecta,Coleoptera,Elmidae,Stenelmis,,,Scraper,5,cn,7.1,
STENOCHIRONOMUS,Arthropoda,Insecta,Diptera,Chironomidae,Stenochironomus,Chironominae,Chironomini,Shredder,7,bu,7.9,
STENONEMA,Arthropoda,Insecta,Ephemeroptera,Heptageniidae,Stenonema,,,Scraper,3,cn,4.6,
STICTOCHIRONOMUS,Arthropoda,Insecta,Diptera,Chironomidae,Stictochironomus,Chironominae,Chironomini,Collector,7,bu,9.2,
STILOBEZZIA,Arthropoda,Insecta,Diptera,Ceratopogonidae,Stilobezzia,,,Predator,6,sp,3.6,
STILOCLADIUS,Arthropoda,Insecta,Diptera,Chironomidae,Stilocladius,Orthocladiinae,,Collector,7,sp,6.6,
STRATIOMYIDAE,Arthropoda,Insecta,Diptera,Stratiomyidae,,,,Collector,4,,,
STRATIOMYS,Arthropoda,Insecta,Diptera,Stratiomyidae,Stratiomys,,,Collector,4,"sp, bu",2.8,
STROPHOPTERYX,Arthropoda,Insecta,Plecoptera,Taeniopterygidae,Strophopteryx,,,Shredder,2,"sp, cn",3.3,
STYGOBROMUS,Arthropoda,Malacostra,Amphipoda,Crangonyctidae,Stygobromus,na,na,Collector,4,,4,Added 7 Oct 2008 MTK
STYLOGOMPHUS,Arthropoda,Insecta,Odonata,Gomphidae,Stylogomphus,,,Predator,5,bu,2.2,
SUBLETTEA,Arthropoda,Insecta,Diptera,Chironomidae,Sublettea,Chironominae,Tanytarsini,Collector,7,,10,
SWELTSA,Arthropoda,Insecta,Plecoptera,Chloroperlidae,Sweltsa,,,Predator,1,cn,1.9,
SYMPOSIOCLADIUS,Arthropoda,Insecta,Diptera,Chironomidae,Symposiocladius,Orthocladiinae,,Predator,7,sp,4.8,
SYMPOTTHASTIA,Arthropoda,Insecta,Diptera,Chironomidae,Sympotthastia,Diamesinae,Diamesini,Collector,7,sp,8.2,
SYNDIAMESA,Arthropoda,Insecta,Diptera,Chironomidae,Syndiamesa,Diamesinae,Diamesini,,7,sp,6.6,
SYNORTHOCLADIUS,Arthropoda,Insecta,Diptera,Chironomidae,Synorthocladius,Orthocladiinae,,Collector,7,,6.6,
SYNURELLA,Arthropoda,Insecta,Amphipoda,Crangonyctidae,Synurella,,,,4,,0.4,
SYRPHIDAE,Arthropoda,Insecta,Diptera,Syrphidae,,,,Collector,10,,,
TABANIDAE,Arthropoda,Insecta,Diptera,Tabanidae,,,,Predator,6,,2.8,
TABANUS,Arthropoda,Insecta,Diptera,Tabanidae,Tabanus,,,Predator,6,"sp, bu",2.8,
TAENIONEMA,Arthropoda,Insecta,Plecoptera,Taeniopterygidae,Taenionema,na,na,Scraper,2,"sp, cn",2,Added 7 Oct 2008 MTK
TAENIOPTERYGIDAE,Arthropoda,Insecta,Plecoptera,Taeniopterygidae,,,,Shredder,2,,3.1,
TAENIOPTERYX,Arthropoda,Insecta,Plecoptera,Taeniopterygidae,Taeniopteryx,,,Shredder,2,"sp, cn",4.8,
TALLAPERLA,Arthropoda,Insecta,Plecoptera,Peltoperlidae,Tallaperla,,,Shredder,2,"cn, sp",1.5,
TANYDERIDAE,Arthropoda,Insecta,Diptera,Tanyderidae,,,,,,,,
TANYPODINAE,Arthropoda,Insecta,Diptera,Chironomidae,Tanypodinae,Tanypodinae,,Predator,7,,7.5,
TANYPUS,Arthropoda,Insecta,Diptera,Chironomidae,Tanypus,Tanypodinae,Tanypodini,Predator,7,,6.6,
TANYTARSINI,Arthropoda,Insecta,Diptera,Chironomidae,,Chironominae,Tanytarsini,Collector,7,,3.5,
TANYTARSUS,Arthropoda,Insecta,Diptera,Chironomidae,Tanytarsus,Chironominae,Tanytarsini,Filterer,7,"cb, cn",4.9,
TETRAGONEURIA,Arthropoda,Insecta,Odonata,Corduliidae,Tetragoneuria,,,Predator,,,8.5,Added 6 November 07 DB; tol val from North Carolina
TETRASTEMMATIDAE,Nemertea,Enopla,Hoplonemertea,Tetrastemmatidae,,,,Predator,,,7.3,
THIENEMANNIELLA,Arthropoda,Insecta,Diptera,Chironomidae,Thienemanniella,Orthocladiinae,,Collector,7,sp,5.1,
THIENEMANNIMYIA,Arthropoda,Insecta,Diptera,Chironomidae,Thienemannimyia,Tanypodinae,Pentaneurini,Predator,7,sp,6.7,
THIENEMANNIMYIA GROUP,Arthropoda,Insecta,Diptera,Chironomidae,Thienemannimyia group,Orthocladiinae,,Predator,7,sp,8.2,
TIMPANOGA,Arthropoda,Insecta,Ephemeroptera,Ephemerellidae,Timpanoga,,,Collector,2,sp,2.6,
TIPULA,Arthropoda,Insecta,Diptera,Tipulidae,Tipula,,,Shredder,4,bu,6.7,
TIPULIDAE,Arthropoda,Insecta,Diptera,Tipulidae,,,,Predator,4,"bu, sp",4.8,
TORTRICIDAE,Arthropoda,Insecta,Lepidoptera,Tortricidae,,,,Shredder,5,"bu, cb",6.7,
TREPOBATES,Arthropoda,Insecta,Hemiptera,Gerridae,Trepobates,,,Predator,5,SK,6,
TRIAENODES,Arthropoda,Insecta,Trichoptera,Leptoceridae,Triaenodes,Triaenodini,Triaenodini,Shredder,4,"sw, cb",5,
TRIBELOS,Arthropoda,Insecta,Diptera,Chironomidae,Tribelos,Chironominae,Chironomini,Collector,7,bu,7,
TRICHOCORIXA,Arthropoda,Insecta,Hemiptera,Corixidae,Trichocorixa,,,Predator,5,"sw, cb",5.6,
TRICHOPTERA,Arthropoda,Insecta,Trichoptera,,,,,,,,4.6,
TRICORYTHODES,Arthropoda,Insecta,Ephemeroptera,Leptohyphidae,Tricorythodes,,,Collector,,,4,Added 6 November 07 DB
TRISSOPELOPIA,Arthropoda,Insecta,Diptera,Chironomidae,Trissopelopia,Tanypodinae,Pentaneurini,Predator,7,sp,4.1,
TROPISTERNUS,Arthropoda,Insecta,Coleoptera,Hydrophilidae,Tropisternus,,,Collector,5,cb,4.1,
TUBIFEX,Annelida,Oligochaeta,Tubificida,Tubificidae,Tubifex,,,,,,,
TUBIFICIDAE,Annelida,Oligochaeta,Tubificida,Tubificidae,,,,Collector,10,cn,8.4,
TURBELLARIA,Platyhelminthes,Turbellaria,,,,,,Predator,4,sp,4,
TVETENIA,Arthropoda,Insecta,Diptera,Chironomidae,Tvetenia,Orthocladiinae,,Collector,7,sp,5.1,
UENOIDAE,Arthropoda,Insecta,Trichoptera,Uenoidae,,,,,3,cn,2.7,
UNIONIDAE,Mollusca,Bivalvia,Unionoida,Unionidae,,Mollusca,,Filterer,6,bu,6,
UNNIELLA,Arthropoda,Insecta,Diptera,Chironomidae,Unniella,Orthocladiinae,,Collector,7,,6.6,
UVARUS,Arthropoda,Insecta,Coleoptera,Dytiscidae,Uvarus,,,Predator,5,"sw, cb",5.4,
VALVATA,Mollusca,Gastropoda,Heterostropha,Valvatidae,Valvata,,,,,,9,
VALVATA SP,Mollusca,Gastropoda,Heterostropha,Valvatidae,Valvata,,,,,,,
VALVATIDAE,Mollusca,Gastropoda,Mesogastropoda,Valvatidae,,,,,,,,
VELIIDAE,Arthropoda,Insecta,Hemiptera,Veliidae,,,,,6,,6,
VENEROIDA,Mollusca,Bivalvia,Veneroida,,,,,,,,,
VIVIPARIDAE,Mollusca,Gastropoda,Architaenioglossa,Viviparidae,,,,,6,,,
VIVIPARUS,Mollusca,Gastropoda,Architaenioglossa,Viviparidae,Viviparus,Mollusca,,Scraper,6,cb,1,
WORMALDIA,Arthropoda,Insecta,Trichoptera,Philopotamidae,Wormaldia,,,Filterer,3,cn,1.8,
XENOCHIRONOMUS,Arthropoda,Insecta,Diptera,Chironomidae,Xenochironomus,Chironominae,Chironomini,Predator,,bu,,
XYLOTOPUS,Arthropoda,Insecta,Diptera,Chironomidae,Xylotopus,Orthocladiinae,,Shredder,7,bu,6.6,
YUGUS,Arthropoda,Insecta,Plecoptera,Perlodidae,Yugus,Perlodini,Perlodini,Predator,2,cn,2,
ZALUTSCHIA,Arthropoda,Insecta,Diptera,Chironomidae,Zalutschia,Orthocladiinae,,Shredder,7,,6.6,
ZAVRELIA,Arthropoda,Insecta,Diptera,Chironomidae,Zavrelia,Chironominae,Tanytarsini,Collector,7,"cb, sp, cn",6.6,
ZAVRELIELLA,Arthropoda,Insecta,Diptera,Chironomidae,Zavreliella,Chironominae,Tanytarsini,,7,bu,,
ZAVRELIMYIA,Arthropoda,Insecta,Diptera,Chironomidae,Zavrelimyia,Tanypodinae,Pentaneurini,Predator,7,sp,5.3,
AGNETINA,Arthropoda,Insecta,Plecoptera,Perlidae,Agnetina,Agnetina,Agnetina,Predator,2,cn,2.2,
CERATOPSYCHE,Arthropoda,Insecta,Trichoptera,Hydropsychidae,Ceratopsyche,,,Collector,,,,Added Sept 2009 by  MTK
NEOPORUS,Arthropoda,Insecta,Coleoptera,Dytiscidae,Neoporus,,,Predator,,,,Added Sept 2009 by  MTK
LETHOCERUS,Arthropoda,Insecta,Hemiptera,Belostomatidae,Lethocerus,,,Predator,,,,Added Sept 2009 by  MTK
DIBUSA,Arthropoda,Insecta,Trichoptera,Hydroptilidae,Dibusa,,,Predator,,,,Added Sept 2009 by  MTK
PENELOMAX,Arthropoda,Insecta,Ephemeroptera,Ephemerellidae,Penelomax,,,Collector,,,2,Added Sept 2010 by MTK
CYRNELLUS,Arthropoda,Insecta,Trichoptera,Polycentropodidae,Cyrnellus,,,Collector,,cn,7.4,Added Sept 2010 by MTK
NEOPLASTA,Arthropoda,Insecta,Diptera,Empididae,Neoplasta,,,Predator,,,,Added Sept 2010 by MTK
MONODIAMESA,Arthropoda,Insecta,Diptera,Chironomidae,Monodiamesa,,,Shredder,,sp,7,Added Sept 2010 by MTK
PALAEAGAPETUS,Arthropoda,Insecta,Trichoptera,Hydroptilidae,Palaeagapetus,,,Shredder,,sp,,Added Sept 2010 by MTK
MACROMIIDAE,Arthropoda,Insecta,Odonata,Macromiidae,,,,Predator,,sp,,Added Jan 2011 by MTK
PROTOPTILA,Arthropoda,Insecta,Trichoptera,Glossosomatidae,Protoptila,,,Scraper,,,2.8,Added Oct 2011 by MTK
PISIDIIDAE,Mollusca,Bivalvia,Veneroida,Pisidiidae,,,,Filterer,,,6.5,Added Oct 2011 by MTK
TELOGANOPSIS,Arthropoda,Insecta,Ephemeroptera,Ephemerellidae,Teloganopsis,,,Collector,,,,Added Oct 2011 by MTK
PARACLOEODES,Arthropoda,Insecta,Ephemeroptera,Baetidae,Paracloeodes,,,,,,,Added Aug 2012 by MTK
PSEUDOCLOEON,Arthropoda,Insecta,Ephemeroptera,Baetidae,Pseudocloeon,,,,,,,Added Aug 2012 by MTK
ANACAENA,Arthropoda,Insecta,Coleoptera,Hydrophilidae,Anacaena,,,,,,5,Added March 2013 by MTK
BETHBILBECKIA,Arthropoda,Insecta,Diptera,Chironomidae,Bethbilbeckia,,,,,,,Added April 2013 by MTK
HETEROTANYTARSUS,Arthropoda,Insecta,Diptera,Chironomidae,Heterotanytarsus,,,,,,,Added April 2013 by MTK
STENOPELMUS,Arthropoda,Insecta,Coleoptera,Curculionidae,Stenopelmus,,,Shredder,,cl,6,Added February 2014 by MTK
MESOVELIA,Arthropoda,Insecta,Hemiptera,Mesoveliidae,Mesovelia,,,Predator,,"sk, cb, sp",8,Added February 2014 by MTK
OREOGETON,Arthropoda,Insecta,Diptera,Empididae,Oreogeton,,,Predator,,"sp, bu",6,Added February 2014 by MTK
NEMATODA,Nematoda,,,,,,,,,,,
BOLOTOPERLA,Arthropoda,Insecta,Plecoptera,Taeniopterygidae,Bolotoperla,,,Shredder,,"sp, cn",,Added April 2014 by MTK
NEOZAVRELIA,Arthropoda,Insecta,Diptera,Chironomidae,Neozavrelia,,Tanytarsini,,,,,Added April 2014 by MTK
GYMNOMETRIOCNEMUS,Arthropoda,Insecta,Diptera,Chironomidae,Gymnometriocnemus,,,Collector,,sp,7,Added May 2014 by MTK
ENDOTRIBELOS,Arthropoda,Insecta,Diptera,Chironomidae,Endotribelos,,Chironomini,Collector,,"bu, cn",6,Added Oct 2014 by MTK
KRENOSMITTIA,Arthropoda,Insecta,Diptera,Chironomidae,Krenosmittia,Orthocladiinae,,,,,1,Added May 2015 by MTK
BRYOPHAENOCLADIUS,Arthropoda,Insecta,Diptera,Chironomidae,Bryophaenocladius,Orthocladiinae,,Collector,,sp,6,Added Oct 2015 by MTK
ANAFROPTILUM,Arthropoda,Insecta,Ephemeroptera,Baetidae,Anafroptilum,,,Collector,5,"sw, cn",2.3,Added Oct 2015 by MTK
ISOGENOIDES,Arthropoda,Insecta,Plecoptera,Perlodidae,Isogenoides,,,Predator,,cl,0,"Added July 26, 2017"
ERPOBDELLA,Arthropoda,Annelida,Hirudinea,Erpobdellidae,Erpobdella,,,Predator,8,,,"Added August 2017 by ESF;  Fixed error October 2018--was classified as Plecoptera, corrected to Annelida Hirudinea"
STACTOBIELLA,Arthropoda,Insecta,Trichoptera,Hydroptilidae,Stactobiella,,,Shredder,4,"cb,sp",2,"Added Sept. 7, 2017"
LABIOBAETIS,Arthropoda,Insecta,Ephemeroptera,Baetidae,Labiobaetis,,,Collector,,"sw,cn",6,"Added Sept. 7, 2017"
POTAMOPYRGUS,Mollusca,Gastropoda,Littorinimorpha,Tateidae,Potamopyrgus,,,Scraper,,,,"Added July 18, 2018 by ESF"
HABROPHLEBOIDES SP,Arthropoda,Insecta,Ephemeroptera,Leptophlebiidae,Habrophleboides,,,Scraper,3,,6,Added 10/10/2018.
ADICROPHLEPS SP,Arthropoda,Insecta,Trichoptera,Brachycentridae,Adicrophleps,,,,1,,,Added 10/10/2018.  No additional information available
MYXOSARGUS,Arthropoda,Insecta,Diptera,Stratiomyidae,Myxosargus,,Prosopochrysini,Collector,,"sp, bu",,Added November 2019
REMENUS,Arthropoda,Insecta,Plecoptera,Perlodidae,Remenus,,,,2,,,Added 11/14/2019
PADUNIA,Arthropoda,Insecta,Trichoptera,Glossosomatidae,Padunia,,,Scraper,1,cn,,"Name change from Matrioptila in 2019, added 11/14/19"
